{
  "operator": "*",
  "metrics": {
    "correct": 99,
    "total": 100,
    "losses": [
      7.936885356903076,
      7.824179172515869,
      8.383724212646484,
      7.575001239776611,
      8.026002883911133,
      7.94293737411499,
      7.941667079925537,
      8.13135051727295,
      8.09523868560791,
      7.8005146980285645,
      8.101651191711426,
      7.978267669677734,
      8.133875846862793,
      8.10001277923584,
      8.448533058166504,
      8.135262489318848,
      8.193635940551758,
      7.873297691345215,
      8.044594764709473,
      8.372779846191406,
      7.5943074226379395,
      8.246161460876465,
      8.112203598022461,
      8.023245811462402,
      8.141961097717285,
      8.226428985595703,
      8.072552680969238,
      8.027450561523438,
      8.068364143371582,
      7.862647533416748,
      8.279775619506836,
      8.308553695678711,
      8.089974403381348,
      8.40755558013916,
      7.993312835693359,
      7.718078136444092,
      7.9744157791137695,
      8.12868595123291,
      7.877338886260986,
      8.49221134185791,
      8.02096176147461,
      7.654121398925781,
      8.188015937805176,
      8.058902740478516,
      8.361912727355957,
      7.711180686950684,
      7.863132953643799,
      8.263010025024414,
      8.42491340637207,
      8.223584175109863,
      8.352802276611328,
      8.279909133911133,
      7.927717685699463,
      8.269851684570312,
      8.323691368103027,
      7.766417503356934,
      8.105194091796875,
      8.061436653137207,
      8.419405937194824,
      8.251795768737793,
      8.08662223815918,
      8.076342582702637,
      8.289420127868652,
      8.044486999511719,
      7.863446235656738,
      8.329704284667969,
      8.276188850402832,
      8.09760570526123,
      7.8827338218688965,
      8.09652328491211,
      7.880259037017822,
      8.096220016479492,
      7.841841697692871,
      8.192007064819336,
      7.476481914520264,
      8.144377708435059,
      7.704277515411377,
      8.12600040435791,
      7.8478922843933105,
      8.189718246459961,
      7.873297691345215,
      7.5736236572265625,
      7.718115329742432,
      8.324858665466309,
      7.761878967285156,
      8.219883918762207,
      7.8318023681640625,
      8.156722068786621,
      8.077646255493164,
      8.220406532287598,
      7.947750091552734,
      8.18201732635498,
      7.813166618347168,
      8.210912704467773,
      7.831541538238525,
      8.131745338439941,
      8.17602825164795,
      7.8358330726623535,
      7.872589588165283,
      7.796582221984863
    ],
    "perplexities": [
      2798.630126953125,
      2500.3330078125,
      4375.27294921875,
      1948.8626708984375,
      3059.488037109375,
      2815.618896484375,
      2812.04443359375,
      3399.387451171875,
      3278.8193359375,
      2441.8583984375,
      3299.912353515625,
      2916.873779296875,
      3407.98291015625,
      3294.51025390625,
      4668.2197265625,
      3412.711669921875,
      3617.8525390625,
      2626.211669921875,
      3116.90185546875,
      4327.6494140625,
      1986.853271484375,
      3812.96142578125,
      3334.918701171875,
      3051.064453125,
      3435.64892578125,
      3738.459716796875,
      3205.2734375,
      3063.92041015625,
      3191.876220703125,
      2598.390625,
      3943.3095703125,
      4058.43896484375,
      3261.60400390625,
      4480.7939453125,
      2961.09033203125,
      2248.6337890625,
      2905.659912109375,
      3390.341552734375,
      2636.84619140625,
      4876.63818359375,
      3044.103515625,
      2109.321044921875,
      3597.577392578125,
      3161.81884765625,
      4280.875,
      2233.177490234375,
      2599.652099609375,
      3877.748779296875,
      4559.25,
      3727.839599609375,
      4242.05126953125,
      3943.8359375,
      2773.090576171875,
      3904.369873046875,
      4120.341796875,
      2360.00146484375,
      3311.624267578125,
      3169.8408203125,
      4534.208984375,
      3834.505615234375,
      3250.68896484375,
      3217.444091796875,
      3981.524658203125,
      3116.56591796875,
      2600.466796875,
      4145.19140625,
      3929.191162109375,
      3286.589599609375,
      2651.1103515625,
      3283.033935546875,
      2644.5576171875,
      3282.03857421875,
      2544.887451171875,
      3611.96435546875,
      1766.016845703125,
      3443.961669921875,
      2217.814453125,
      3381.248779296875,
      2560.332275390625,
      3603.706787109375,
      2626.211669921875,
      1946.1798095703125,
      2248.717529296875,
      4125.154296875,
      2349.314697265625,
      3714.0712890625,
      2519.46630859375,
      3486.738525390625,
      3221.641357421875,
      3716.0126953125,
      2829.202392578125,
      3576.0615234375,
      2472.948974609375,
      3680.900390625,
      2518.809326171875,
      3400.729736328125,
      3554.708251953125,
      2529.64208984375,
      2624.352783203125,
      2432.274658203125
    ],
    "accuracy": 0.99,
    "avg_loss": 8.053111481666566,
    "avg_perplexity": 3217.785734863281
  },
  "results": []
}