{
  "operator": "+",
  "metrics": {
    "correct": 22,
    "total": 100,
    "losses": [
      9.156492233276367,
      10.393938064575195,
      10.624613761901855,
      10.873193740844727,
      9.078089714050293,
      9.23636531829834,
      10.49614143371582,
      10.50103759765625,
      10.728841781616211,
      10.636970520019531,
      10.596112251281738,
      10.57450008392334,
      10.532504081726074,
      9.667614936828613,
      10.39421558380127,
      10.805410385131836,
      8.725016593933105,
      8.778440475463867,
      10.400505065917969,
      10.761110305786133,
      10.825441360473633,
      10.751251220703125,
      10.606597900390625,
      10.508421897888184,
      10.4689302444458,
      9.819320678710938,
      8.340438842773438,
      8.616731643676758,
      9.89625072479248,
      9.679336547851562,
      10.93940258026123,
      10.816533088684082,
      9.800386428833008,
      9.933506965637207,
      8.784059524536133,
      10.892983436584473,
      10.726107597351074,
      10.210741996765137,
      10.749537467956543,
      10.89159107208252,
      11.043648719787598,
      10.70980167388916,
      10.474671363830566,
      9.099504470825195,
      8.712453842163086,
      10.157159805297852,
      10.761053085327148,
      9.290901184082031,
      10.428153991699219,
      10.891043663024902,
      8.831803321838379,
      8.567885398864746,
      10.729368209838867,
      10.201458930969238,
      10.393457412719727,
      8.737553596496582,
      11.079612731933594,
      10.343687057495117,
      8.634232521057129,
      10.456825256347656,
      10.505653381347656,
      7.962271213531494,
      10.697578430175781,
      10.624288558959961,
      10.663703918457031,
      10.103495597839355,
      9.08509635925293,
      10.395719528198242,
      10.751801490783691,
      10.59099292755127,
      10.254499435424805,
      9.23713207244873,
      8.097688674926758,
      10.953798294067383,
      10.205377578735352,
      8.226033210754395,
      9.997443199157715,
      10.355499267578125,
      10.1199369430542,
      10.332778930664062,
      9.545977592468262,
      8.106382369995117,
      8.893766403198242,
      9.088414192199707,
      8.978297233581543,
      9.377684593200684,
      10.553038597106934,
      10.959610939025879,
      10.45838737487793,
      10.388242721557617,
      8.866540908813477,
      9.465985298156738,
      9.68005657196045,
      10.443329811096191,
      10.570121765136719,
      9.908012390136719,
      8.38278865814209,
      9.991266250610352,
      11.090845108032227,
      9.66162395477295
    ],
    "perplexities": [
      9475.759765625,
      32661.03515625,
      41134.96484375,
      52743.390625,
      8761.2138671875,
      10263.6650390625,
      36175.6484375,
      36353.203125,
      45653.78515625,
      41646.4140625,
      39979.10546875,
      39124.33984375,
      37515.296875,
      15797.6259765625,
      32670.099609375,
      49286.7421875,
      6154.97900390625,
      6492.74365234375,
      32876.2265625,
      47150.9921875,
      50283.95703125,
      46688.41015625,
      40400.51953125,
      36622.640625,
      35204.53515625,
      18385.556640625,
      4189.92822265625,
      5523.3046875,
      19855.78515625,
      15983.888671875,
      56353.66796875,
      49838.00390625,
      18040.71484375,
      20609.490234375,
      6529.32958984375,
      53797.5625,
      45529.12890625,
      27193.73828125,
      46608.46484375,
      53722.70703125,
      62545.4453125,
      44792.75390625,
      35407.23046875,
      8950.8564453125,
      6078.13916015625,
      25774.986328125,
      47148.29296875,
      10838.947265625,
      33797.90234375,
      53693.30859375,
      6848.6259765625,
      5259.9951171875,
      45677.82421875,
      26942.46484375,
      32645.33984375,
      6232.62939453125,
      64835.76953125,
      31060.33984375,
      5620.818359375,
      34780.95703125,
      36521.390625,
      2870.585205078125,
      44248.57421875,
      41121.58984375,
      42774.77734375,
      24428.251953125,
      8822.8154296875,
      32719.271484375,
      46714.109375,
      39774.96484375,
      28410.083984375,
      10271.5380859375,
      3286.8623046875,
      57170.78515625,
      27048.25,
      3736.98046875,
      21970.220703125,
      31429.40625,
      24833.205078125,
      30723.37109375,
      13988.314453125,
      3315.561767578125,
      7286.4111328125,
      8852.13671875,
      7929.119140625,
      11821.611328125,
      38293.62109375,
      57504.06640625,
      34835.328125,
      32475.548828125,
      7090.7109375,
      12912.94140625,
      15995.4013671875,
      34314.72265625,
      38953.41796875,
      20090.701171875,
      4371.181640625,
      21834.9296875,
      65568.1328125,
      15703.265625
    ],
    "accuracy": 0.22,
    "avg_loss": 9.99334123134613,
    "avg_perplexity": 28742.253500976563
  },
  "results": []
}