{
  "operator": "-",
  "metrics": {
    "correct": 35,
    "total": 100,
    "losses": [
      9.681432723999023,
      8.085960388183594,
      10.38321590423584,
      9.745083808898926,
      10.010590553283691,
      8.458330154418945,
      8.849324226379395,
      10.067657470703125,
      10.364690780639648,
      10.312472343444824,
      9.831262588500977,
      8.938247680664062,
      8.89133358001709,
      8.70287036895752,
      9.640521049499512,
      10.42098331451416,
      9.835489273071289,
      11.036413192749023,
      9.032824516296387,
      8.971484184265137,
      9.161142349243164,
      9.161747932434082,
      9.04260540008545,
      8.810628890991211,
      8.901968002319336,
      8.921646118164062,
      9.94932746887207,
      9.260125160217285,
      10.323158264160156,
      8.124436378479004,
      8.929879188537598,
      9.415165901184082,
      9.681824684143066,
      9.118703842163086,
      9.828557968139648,
      9.564773559570312,
      9.552270889282227,
      10.004168510437012,
      9.15540885925293,
      10.28223991394043,
      9.350852966308594,
      9.522801399230957,
      10.364058494567871,
      11.029953002929688,
      10.050987243652344,
      9.453043937683105,
      9.57420539855957,
      9.427078247070312,
      8.826807975769043,
      9.504791259765625,
      10.127333641052246,
      10.19374942779541,
      10.179909706115723,
      9.236327171325684,
      9.581544876098633,
      9.892409324645996,
      10.308154106140137,
      9.599150657653809,
      8.809124946594238,
      10.801261901855469,
      9.1597261428833,
      10.1533203125,
      8.502370834350586,
      10.175618171691895,
      10.181548118591309,
      10.322115898132324,
      8.735047340393066,
      9.67617130279541,
      9.179384231567383,
      10.173563957214355,
      10.760370254516602,
      9.940485954284668,
      8.314286231994629,
      9.149247169494629,
      9.942115783691406,
      10.108365058898926,
      9.350876808166504,
      10.347915649414062,
      10.39165210723877,
      10.133697509765625,
      9.536361694335938,
      8.963500022888184,
      10.246391296386719,
      10.358325004577637,
      9.246020317077637,
      10.215429306030273,
      10.706018447875977,
      8.473901748657227,
      10.589889526367188,
      9.340982437133789,
      9.332873344421387,
      10.194077491760254,
      10.09888744354248,
      9.594184875488281,
      9.162979125976562,
      9.927667617797852,
      10.091012954711914,
      9.434953689575195,
      10.541062355041504,
      9.829580307006836
    ],
    "perplexities": [
      16017.4287109375,
      3248.5380859375,
      32312.708984375,
      17070.1015625,
      22260.978515625,
      4714.1796875,
      6969.67724609375,
      23568.291015625,
      31719.623046875,
      30105.77734375,
      18606.431640625,
      7617.83642578125,
      7268.7060546875,
      6020.16748046875,
      15375.3525390625,
      33556.4140625,
      18685.2421875,
      62094.53125,
      8373.4775390625,
      7875.28125,
      9519.92578125,
      9525.6923828125,
      8455.779296875,
      6705.134765625,
      7346.4169921875,
      7492.41259765625,
      20938.13671875,
      10510.44921875,
      30429.208984375,
      3375.964599609375,
      7554.3525390625,
      12273.109375,
      16023.7080078125,
      9124.3671875,
      18556.17578125,
      14253.724609375,
      14076.625,
      22118.474609375,
      9465.5,
      29209.2265625,
      11508.6357421875,
      13667.8466796875,
      31699.572265625,
      61694.6796875,
      23178.658203125,
      12746.9072265625,
      14388.7998046875,
      12420.1845703125,
      6814.5,
      13423.890625,
      25017.5703125,
      26735.55078125,
      26368.0859375,
      10263.2744140625,
      14494.794921875,
      19779.658203125,
      29976.052734375,
      14752.24609375,
      6695.05810546875,
      49082.69921875,
      9506.453125,
      25676.21484375,
      4926.4345703125,
      26255.169921875,
      26411.32421875,
      30397.5078125,
      6217.0283203125,
      15933.3759765625,
      9695.1806640625,
      26201.291015625,
      47116.109375,
      20753.828125,
      4081.77099609375,
      9407.35546875,
      20787.6796875,
      24547.494140625,
      11508.91015625,
      31191.9609375,
      32586.458984375,
      25177.28515625,
      13854.44921875,
      7812.654296875,
      28180.662109375,
      31518.34375,
      10363.2412109375,
      27321.501953125,
      44623.61328125,
      4788.1611328125,
      39731.09765625,
      11395.5986328125,
      11303.5634765625,
      26744.322265625,
      24315.94140625,
      14679.171875,
      9537.427734375,
      20489.49609375,
      24125.21875,
      12518.3857421875,
      37837.7421875,
      18575.15625
    ],
    "accuracy": 0.35,
    "avg_loss": 9.648654909133912,
    "avg_perplexity": 18932.18377685547
  },
  "results": []
}