{
  "operator": "*",
  "metrics": {
    "correct": 0,
    "total": 100,
    "losses": [
      16.96357536315918,
      17.707246780395508,
      17.7478084564209,
      16.716524124145508,
      17.165109634399414,
      16.985061645507812,
      16.7736873626709,
      17.142431259155273,
      17.308765411376953,
      18.084056854248047,
      17.501474380493164,
      17.139392852783203,
      17.404619216918945,
      17.223766326904297,
      16.749217987060547,
      17.44229507446289,
      17.663049697875977,
      17.108600616455078,
      18.12277603149414,
      17.678800582885742,
      17.30326271057129,
      17.76024055480957,
      17.844829559326172,
      17.24020767211914,
      17.48526954650879,
      15.782462120056152,
      17.099384307861328,
      18.052776336669922,
      17.551881790161133,
      17.513824462890625,
      17.88050079345703,
      16.916522979736328,
      16.765647888183594,
      17.56877326965332,
      17.766929626464844,
      18.195138931274414,
      17.803272247314453,
      17.628276824951172,
      18.2961368560791,
      17.37126350402832,
      17.72178840637207,
      17.736839294433594,
      17.536333084106445,
      17.945354461669922,
      17.391754150390625,
      17.75790023803711,
      17.746946334838867,
      18.32804298400879,
      16.696575164794922,
      16.498069763183594,
      17.808666229248047,
      18.427692413330078,
      17.851726531982422,
      18.077579498291016,
      17.828275680541992,
      17.281192779541016,
      17.74086570739746,
      17.572946548461914,
      17.059003829956055,
      17.668521881103516,
      16.964323043823242,
      17.385622024536133,
      17.389524459838867,
      17.174753189086914,
      17.33890151977539,
      18.02667808532715,
      18.038827896118164,
      17.688920974731445,
      17.062450408935547,
      17.567319869995117,
      17.57777976989746,
      18.79530906677246,
      17.228771209716797,
      17.842662811279297,
      17.1769962310791,
      17.29613494873047,
      17.366252899169922,
      17.244367599487305,
      16.84853744506836,
      18.571226119995117,
      17.108600616455078,
      16.50669288635254,
      17.9721736907959,
      17.57830238342285,
      16.907962799072266,
      18.192169189453125,
      17.77511215209961,
      16.817373275756836,
      17.655288696289062,
      16.639394760131836,
      16.798503875732422,
      17.05411148071289,
      17.975139617919922,
      17.039329528808594,
      18.675918579101562,
      17.447153091430664,
      17.314546585083008,
      17.904748916625977,
      16.849931716918945,
      17.903621673583984
    ],
    "perplexities": [
      23290948.0,
      48995880.0,
      51024092.0,
      18192576.0,
      28491308.0,
      23796800.0,
      19262820.0,
      27852444.0,
      32892836.0,
      71417736.0,
      39883544.0,
      27767944.0,
      36201792.0,
      30212500.0,
      18797190.0,
      37591748.0,
      46877564.0,
      26925938.0,
      74237208.0,
      47621772.0,
      32712332.0,
      51662388.0,
      56222612.0,
      30713340.0,
      39242448.0,
      7148850.5,
      26678920.0,
      69218336.0,
      41945504.0,
      40379164.0,
      58264340.0,
      22220436.0,
      19108578.0,
      42660044.0,
      52009120.0,
      79808368.0,
      53934032.0,
      45275512.0,
      88289952.0,
      35014172.0,
      49713564.0,
      50467460.0,
      41298348.0,
      62168220.0,
      35739036.0,
      51541624.0,
      50980120.0,
      91152360.0,
      17833248.0,
      14622467.0,
      54225740.0,
      100703632.0,
      56611716.0,
      70956640.0,
      55299568.0,
      31998282.0,
      50671072.0,
      42838448.0,
      25623074.0,
      47134788.0,
      23308370.0,
      35520552.0,
      35659440.0,
      28767396.0,
      33899184.0,
      67435224.0,
      68259552.0,
      48106168.0,
      25711538.0,
      42598084.0,
      43045996.0,
      145445072.0,
      30364090.0,
      56100924.0,
      28831994.0,
      32479996.0,
      34839172.0,
      30841372.0,
      20759976.0,
      116246808.0,
      26925938.0,
      14749104.0,
      63858080.0,
      43068500.0,
      22031038.0,
      79571712.0,
      52436432.0,
      20122986.0,
      46515152.0,
      16842142.0,
      19746836.0,
      25498024.0,
      64047760.0,
      25123884.0,
      129076856.0,
      37774812.0,
      33083544.0,
      59694408.0,
      20788940.0,
      59627156.0
    ],
    "accuracy": 0.0,
    "avg_loss": 17.47832371711731,
    "avg_perplexity": 44342267.075
  },
  "results": []
}