{
  "operator": "+",
  "metrics": {
    "correct": 46,
    "total": 100,
    "losses": [
      17.527881622314453,
      13.298117637634277,
      13.08634090423584,
      15.156657218933105,
      17.128128051757812,
      16.590024948120117,
      12.295941352844238,
      17.108781814575195,
      15.458165168762207,
      14.392008781433105,
      16.484302520751953,
      13.63218879699707,
      13.42109489440918,
      17.157224655151367,
      18.345815658569336,
      17.060855865478516,
      16.917430877685547,
      16.6939640045166,
      13.810331344604492,
      15.754796028137207,
      15.644205093383789,
      13.20216178894043,
      13.60115909576416,
      15.24791431427002,
      13.178967475891113,
      17.641281127929688,
      17.036970138549805,
      17.380529403686523,
      16.918731689453125,
      14.184755325317383,
      13.05286979675293,
      12.91970157623291,
      17.445219039916992,
      17.304275512695312,
      17.442699432373047,
      13.217989921569824,
      14.076071739196777,
      12.3792085647583,
      15.238290786743164,
      13.743330001831055,
      16.22652244567871,
      13.6892728805542,
      14.902175903320312,
      17.205562591552734,
      17.43439483642578,
      17.071487426757812,
      13.699644088745117,
      16.962018966674805,
      14.189840316772461,
      13.770716667175293,
      15.24787425994873,
      15.772252082824707,
      12.549027442932129,
      14.940276145935059,
      14.8131103515625,
      16.81785011291504,
      15.662785530090332,
      14.745641708374023,
      14.743791580200195,
      13.100110054016113,
      17.405372619628906,
      14.037514686584473,
      17.778230667114258,
      15.795297622680664,
      13.413969039916992,
      17.20094871520996,
      17.026838302612305,
      16.256540298461914,
      14.715314865112305,
      14.530119895935059,
      17.75498390197754,
      17.354520797729492,
      16.232595443725586,
      14.061251640319824,
      13.956183433532715,
      17.778955459594727,
      17.39983558654785,
      13.086726188659668,
      17.62522315979004,
      17.55513572692871,
      13.7011079788208,
      16.355854034423828,
      17.423742294311523,
      16.1874942779541,
      17.9175968170166,
      16.968961715698242,
      15.731575012207031,
      13.10322380065918,
      13.973833084106445,
      13.322449684143066,
      17.40895652770996,
      13.976396560668945,
      16.908845901489258,
      15.736913681030273,
      12.243195533752441,
      17.395111083984375,
      15.79181957244873,
      17.4169921875,
      13.954122543334961,
      17.188629150390625
    ],
    "perplexities": [
      40950788.0,
      596072.5625,
      482309.3125,
      3823425.25,
      27456900.0,
      16030840.0,
      218806.125,
      26930818.0,
      5168872.5,
      1779795.0,
      14422536.0,
      832500.25,
      674073.8125,
      28267538.0,
      92786864.0,
      25670572.0,
      22240620.0,
      17786744.0,
      994834.1875,
      6953780.5,
      6225754.0,
      541534.375,
      807064.6875,
      4188755.75,
      529118.375,
      45868132.0,
      25064678.0,
      35340120.0,
      22269570.0,
      1446641.625,
      466433.0625,
      408277.1875,
      37701824.0,
      32745480.0,
      37606952.0,
      550174.0,
      1297658.125,
      237805.546875,
      4148638.5,
      930362.875,
      11145233.0,
      881405.3125,
      2964372.5,
      29667496.0,
      37295932.0,
      25944946.0,
      890594.125,
      23254726.0,
      1454016.5,
      956194.5625,
      4188588.0,
      7076231.5,
      281821.0,
      3079495.0,
      2711765.25,
      20132584.0,
      6342512.5,
      2534841.5,
      2530156.25,
      488996.21875,
      36229080.0,
      1248576.5,
      52600208.0,
      7241201.0,
      669287.5625,
      29530930.0,
      24812008.0,
      11484861.0,
      2459121.75,
      2043388.25,
      51391528.0,
      34432824.0,
      11213124.0,
      1278568.5,
      1151048.0,
      52638348.0,
      36029032.0,
      482495.15625,
      45137464.0,
      42082212.0,
      891898.8125,
      12684027.0,
      36900744.0,
      10718634.0,
      60466304.0,
      23416740.0,
      6794167.0,
      490521.21875,
      1171544.0,
      610754.0625,
      36359152.0,
      1174551.125,
      22050502.0,
      6830536.0,
      207564.109375,
      35859212.0,
      7216059.5,
      36652500.0,
      1148678.25,
      29169352.0
    ],
    "accuracy": 0.46,
    "avg_loss": 15.493931188583375,
    "avg_perplexity": 15512343.17625
  },
  "results": []
}