{
  "operator": "-",
  "metrics": {
    "correct": 47,
    "total": 100,
    "losses": [
      16.12471580505371,
      16.91718101501465,
      18.24040412902832,
      18.405302047729492,
      17.142126083374023,
      16.059518814086914,
      18.35440444946289,
      17.715574264526367,
      17.176815032958984,
      18.005701065063477,
      16.7829532623291,
      17.527557373046875,
      17.669841766357422,
      18.128097534179688,
      17.76898193359375,
      17.728771209716797,
      18.07801055908203,
      17.023040771484375,
      17.081972122192383,
      18.21080207824707,
      16.154138565063477,
      18.268041610717773,
      17.950183868408203,
      17.739999771118164,
      18.65189552307129,
      18.05799674987793,
      17.373779296875,
      17.48073959350586,
      17.16579246520996,
      16.463836669921875,
      18.160385131835938,
      18.5815486907959,
      16.586040496826172,
      16.995494842529297,
      16.82792854309082,
      17.950925827026367,
      18.000686645507812,
      17.955196380615234,
      17.83283805847168,
      18.193634033203125,
      18.137014389038086,
      17.786537170410156,
      17.749067306518555,
      17.347688674926758,
      18.410009384155273,
      16.55702018737793,
      17.7318115234375,
      18.211986541748047,
      18.203845977783203,
      16.65370750427246,
      16.899364471435547,
      16.787561416625977,
      16.503877639770508,
      17.31229019165039,
      18.088272094726562,
      17.352291107177734,
      18.21943473815918,
      16.42698097229004,
      17.916040420532227,
      17.877470016479492,
      17.05564308166504,
      17.317419052124023,
      15.732221603393555,
      17.514755249023438,
      16.307775497436523,
      17.243505477905273,
      16.750211715698242,
      17.319089889526367,
      17.75881004333496,
      18.31893539428711,
      18.43990135192871,
      17.979734420776367,
      17.48545265197754,
      18.386716842651367,
      16.5024471282959,
      18.00346565246582,
      17.79905128479004,
      18.266246795654297,
      18.33560562133789,
      18.02665901184082,
      17.81940269470215,
      16.439403533935547,
      16.23675537109375,
      17.303577423095703,
      17.61638069152832,
      16.282861709594727,
      17.406980514526367,
      15.350980758666992,
      16.972116470336914,
      17.279626846313477,
      17.154726028442383,
      18.22956657409668,
      18.230867385864258,
      18.262372970581055,
      16.014392852783203,
      18.36183738708496,
      17.773469924926758,
      17.85847282409668,
      17.9399356842041,
      16.439647674560547
    ],
    "perplexities": [
      10066421.0,
      22235062.0,
      83503920.0,
      98473896.0,
      27843944.0,
      9431058.0,
      93587224.0,
      49405596.0,
      28826770.0,
      66035368.0,
      19442136.0,
      40937512.0,
      47197040.0,
      74633312.0,
      52115968.0,
      50061920.0,
      70987232.0,
      24717962.0,
      26218402.0,
      81068264.0,
      10367003.0,
      85843944.0,
      62469180.0,
      50627212.0,
      126012984.0,
      69580624.0,
      35102372.0,
      39065084.0,
      28510770.0,
      14130366.0,
      77082368.0,
      117452984.0,
      15967093.0,
      24046376.0,
      20336514.0,
      62515548.0,
      65705068.0,
      62783092.0,
      55552444.0,
      79688352.0,
      75301784.0,
      53038952.0,
      51088364.0,
      34198376.0,
      98938536.0,
      15510382.0,
      50214356.0,
      81164336.0,
      80506296.0,
      17084932.0,
      21842420.0,
      19531936.0,
      14707640.0,
      33008980.0,
      71719416.0,
      34356132.0,
      81771128.0,
      13619062.0,
      60372268.0,
      58088020.0,
      25537106.0,
      33178712.0,
      6798561.5,
      40416764.0,
      12088625.0,
      30814794.0,
      18815880.0,
      33234196.0,
      51588536.0,
      90325952.0,
      101940648.0,
      64342724.0,
      39249632.0,
      96660640.0,
      14686616.0,
      65887920.0,
      53706860.0,
      85690008.0,
      91844328.0,
      67433944.0,
      54811068.0,
      13789301.0,
      11259867.0,
      32722630.0,
      44740096.0,
      11791172.0,
      36287376.0,
      4643508.5,
      23490730.0,
      31948214.0,
      28196996.0,
      82603824.0,
      82711352.0,
      85358704.0,
      9014932.0,
      94285448.0,
      52350388.0,
      56994928.0,
      61832252.0,
      13792668.0
    ],
    "accuracy": 0.47,
    "avg_loss": 17.482221488952636,
    "avg_perplexity": 49025596.02
  },
  "results": []
}