{
  "operator": "*",
  "metrics": {
    "correct": 99,
    "total": 100,
    "losses": [
      7.875586032867432,
      7.788119792938232,
      7.867761135101318,
      7.679045677185059,
      7.716981410980225,
      7.994455814361572,
      7.699697971343994,
      7.656898021697998,
      8.147238731384277,
      7.788687229156494,
      7.7024641036987305,
      7.845684051513672,
      7.801653861999512,
      7.8218913078308105,
      7.952686309814453,
      7.753536224365234,
      8.40597915649414,
      7.811186790466309,
      7.894163608551025,
      7.6958465576171875,
      7.867393970489502,
      7.863587379455566,
      7.940901279449463,
      7.740786075592041,
      7.803757667541504,
      7.766643047332764,
      7.8150787353515625,
      7.83112096786499,
      7.566565036773682,
      7.722620487213135,
      7.75976037979126,
      7.9604668617248535,
      7.952470302581787,
      8.14016342163086,
      8.18349838256836,
      7.868256092071533,
      8.054024696350098,
      7.8032097816467285,
      7.821656703948975,
      7.677016735076904,
      7.7826008796691895,
      7.897599697113037,
      7.872043609619141,
      7.7696757316589355,
      7.9893622398376465,
      7.745795726776123,
      7.8729567527771,
      7.931869983673096,
      7.940193176269531,
      7.862181663513184,
      7.879786491394043,
      7.83677339553833,
      7.899566650390625,
      8.694150924682617,
      7.842620372772217,
      7.906279563903809,
      7.9105095863342285,
      7.856593132019043,
      7.757843494415283,
      7.934467792510986,
      7.788840293884277,
      7.937857151031494,
      7.810146808624268,
      7.859015464782715,
      7.6248321533203125,
      7.79158353805542,
      7.844972133636475,
      7.665577411651611,
      7.954174995422363,
      7.906006336212158,
      7.920802593231201,
      7.863826274871826,
      7.849872589111328,
      8.469114303588867,
      7.983315467834473,
      7.914481163024902,
      7.80801248550415,
      7.843109607696533,
      7.99367618560791,
      7.863253593444824,
      7.811186790466309,
      7.8931684494018555,
      7.787421703338623,
      7.774777889251709,
      7.835461139678955,
      7.8570332527160645,
      7.696667194366455,
      8.229059219360352,
      7.833673000335693,
      7.888731479644775,
      7.90021276473999,
      7.894133567810059,
      7.8043599128723145,
      7.796742916107178,
      7.8941192626953125,
      7.7430925369262695,
      7.8203020095825195,
      7.7997541427612305,
      7.680225372314453,
      7.864299297332764
    ],
    "perplexities": [
      2632.228271484375,
      2411.778564453125,
      2611.711669921875,
      2162.554931640625,
      2246.169189453125,
      2964.476806640625,
      2207.68115234375,
      2115.18603515625,
      3453.828857421875,
      2413.147705078125,
      2213.79638671875,
      2554.6845703125,
      2444.641845703125,
      2494.619140625,
      2843.202392578125,
      2329.796630859375,
      4473.736328125,
      2468.057861328125,
      2681.585693359375,
      2199.19482421875,
      2610.7529296875,
      2600.833740234375,
      2809.891845703125,
      2300.27978515625,
      2449.790283203125,
      2360.53369140625,
      2477.68212890625,
      2517.75,
      1932.4908447265625,
      2258.87109375,
      2344.3427734375,
      2865.410400390625,
      2842.58837890625,
      3429.478271484375,
      3581.36181640625,
      2613.0048828125,
      3146.432861328125,
      2448.4482421875,
      2494.033935546875,
      2158.171875,
      2398.5048828125,
      2690.81591796875,
      2622.92041015625,
      2367.703369140625,
      2949.415283203125,
      2311.832275390625,
      2625.316650390625,
      2784.629150390625,
      2807.90283203125,
      2597.180419921875,
      2643.30810546875,
      2532.021728515625,
      2696.11376953125,
      5967.9033203125,
      2546.869873046875,
      2714.2734375,
      2725.779052734375,
      2582.70654296875,
      2339.853271484375,
      2791.87255859375,
      2413.51708984375,
      2801.351318359375,
      2465.492431640625,
      2588.97021484375,
      2048.4365234375,
      2420.14697265625,
      2552.866455078125,
      2133.62451171875,
      2847.438232421875,
      2713.531982421875,
      2753.98046875,
      2601.455322265625,
      2565.407470703125,
      4765.29296875,
      2931.634765625,
      2736.626220703125,
      2460.23583984375,
      2548.1162109375,
      2962.16650390625,
      2599.9658203125,
      2468.057861328125,
      2678.91845703125,
      2410.095703125,
      2379.814697265625,
      2528.701416015625,
      2583.843505859375,
      2201.000244140625,
      3748.3056640625,
      2524.18359375,
      2667.05859375,
      2697.856201171875,
      2681.505126953125,
      2451.26611328125,
      2432.665771484375,
      2681.466796875,
      2305.591552734375,
      2490.657470703125,
      2440.001953125,
      2165.107666015625,
      2602.68603515625
    ],
    "accuracy": 0.99,
    "avg_loss": 7.867183051109314,
    "avg_perplexity": 2649.101932373047
  },
  "results": []
}