{
  "operator": "+",
  "metrics": {
    "correct": 4,
    "total": 100,
    "losses": [
      9.52043342590332,
      9.314489364624023,
      9.536526679992676,
      9.321045875549316,
      9.365073204040527,
      9.347638130187988,
      9.454813003540039,
      9.416617393493652,
      9.101019859313965,
      9.505104064941406,
      9.326443672180176,
      9.449386596679688,
      9.44166088104248,
      9.326072692871094,
      9.423837661743164,
      9.551470756530762,
      8.991788864135742,
      8.952325820922852,
      9.225000381469727,
      9.434000015258789,
      9.505166053771973,
      9.419840812683105,
      9.292851448059082,
      9.514918327331543,
      9.482301712036133,
      9.427284240722656,
      9.179481506347656,
      9.39454460144043,
      9.548742294311523,
      8.431201934814453,
      9.446988105773926,
      9.370521545410156,
      9.406517028808594,
      9.608224868774414,
      9.574793815612793,
      9.563641548156738,
      9.416481018066406,
      9.179702758789062,
      9.35414981842041,
      9.645947456359863,
      9.406389236450195,
      9.46979808807373,
      9.468132019042969,
      9.329460144042969,
      9.410270690917969,
      9.369962692260742,
      9.533514976501465,
      9.164083480834961,
      9.445879936218262,
      9.536498069763184,
      8.585301399230957,
      9.287337303161621,
      9.373871803283691,
      9.517890930175781,
      9.309020042419434,
      9.196700096130371,
      9.55855655670166,
      9.349210739135742,
      8.571446418762207,
      9.20758056640625,
      9.462255477905273,
      8.411661148071289,
      9.457018852233887,
      9.377640724182129,
      9.462145805358887,
      9.48513126373291,
      9.237626075744629,
      9.443212509155273,
      9.515897750854492,
      9.462023735046387,
      9.360885620117188,
      9.224676132202148,
      8.929727554321289,
      9.385884284973145,
      9.208426475524902,
      9.37116527557373,
      9.429203987121582,
      9.465741157531738,
      9.429486274719238,
      9.43183422088623,
      8.366711616516113,
      8.81695556640625,
      9.43986701965332,
      9.2886381149292,
      9.41454029083252,
      9.095519065856934,
      9.420126914978027,
      9.474873542785645,
      9.436365127563477,
      9.119067192077637,
      9.426520347595215,
      8.409398078918457,
      9.223570823669434,
      9.191291809082031,
      8.952691078186035,
      9.579854011535645,
      8.811513900756836,
      9.453386306762695,
      9.473669052124023,
      9.259176254272461
    ],
    "perplexities": [
      13635.51953125,
      11097.658203125,
      13856.7353515625,
      11170.6591796875,
      11673.4599609375,
      11471.697265625,
      12769.4775390625,
      12290.9365234375,
      8964.4306640625,
      13428.08984375,
      11231.119140625,
      12700.3720703125,
      12602.630859375,
      11226.953125,
      12380.0009765625,
      14065.3662109375,
      8036.82080078125,
      7725.83984375,
      10147.6796875,
      12506.453125,
      13428.9228515625,
      12330.619140625,
      10860.107421875,
      13560.525390625,
      13125.3623046875,
      12422.744140625,
      9696.1240234375,
      12022.61328125,
      14027.0419921875,
      4588.01123046875,
      12669.947265625,
      11737.2353515625,
      12167.41796875,
      14886.720703125,
      14397.2685546875,
      14237.5986328125,
      12289.2607421875,
      9698.26953125,
      11546.640625,
      15459.0126953125,
      12165.86328125,
      12962.26953125,
      12940.69140625,
      11265.048828125,
      12213.1767578125,
      11730.677734375,
      13815.0654296875,
      9547.966796875,
      12655.9140625,
      13856.3388671875,
      5352.40576171875,
      10800.3876953125,
      11776.6240234375,
      13600.8955078125,
      11037.126953125,
      9864.5234375,
      14165.384765625,
      11489.751953125,
      5278.759765625,
      9972.4404296875,
      12864.8681640625,
      4499.22802734375,
      12797.67578125,
      11821.0927734375,
      12863.45703125,
      13162.5537109375,
      10276.61328125,
      12622.201171875,
      13573.8134765625,
      12861.88671875,
      11624.6787109375,
      10144.3896484375,
      7553.20703125,
      11918.943359375,
      9980.87890625,
      11744.79296875,
      12446.615234375,
      12909.7890625,
      12450.12890625,
      12479.3955078125,
      4301.4677734375,
      6747.6904296875,
      12580.0439453125,
      10814.4462890625,
      12265.43359375,
      8915.25390625,
      12334.1474609375,
      13028.2265625,
      12536.0673828125,
      9127.68359375,
      12413.2578125,
      4489.0576171875,
      10133.18359375,
      9811.3173828125,
      7728.662109375,
      14470.306640625,
      6711.0712890625,
      12751.2724609375,
      13012.5439453125,
      10500.48046875
    ],
    "accuracy": 0.04,
    "avg_loss": 9.310643348693848,
    "avg_perplexity": 11398.9248046875
  },
  "results": []
}