{
  "operator": "-",
  "metrics": {
    "correct": 20,
    "total": 100,
    "losses": [
      8.515251159667969,
      7.783934593200684,
      8.700756072998047,
      8.944698333740234,
      8.81639575958252,
      7.306230068206787,
      7.737458229064941,
      9.012548446655273,
      8.617795944213867,
      8.864529609680176,
      8.436222076416016,
      7.550576210021973,
      7.748309135437012,
      7.366741180419922,
      8.479493141174316,
      7.842801570892334,
      8.994545936584473,
      8.866727828979492,
      7.730570316314697,
      7.80287504196167,
      7.362462043762207,
      7.667582988739014,
      7.631638050079346,
      8.832246780395508,
      7.609920978546143,
      9.136059761047363,
      9.07530689239502,
      9.201199531555176,
      8.361440658569336,
      8.23750114440918,
      9.093108177185059,
      8.687185287475586,
      7.91806697845459,
      7.488140106201172,
      8.606816291809082,
      8.706185340881348,
      7.623579978942871,
      8.45961856842041,
      9.13240909576416,
      7.543517112731934,
      8.81117057800293,
      8.524435997009277,
      8.882192611694336,
      8.523392677307129,
      9.173624038696289,
      8.715710639953613,
      7.578342914581299,
      8.996377944946289,
      8.893238067626953,
      7.576816558837891,
      8.29210376739502,
      7.351328372955322,
      8.71898365020752,
      8.781311988830566,
      9.132240295410156,
      9.098003387451172,
      8.691837310791016,
      9.08180046081543,
      9.21167278289795,
      8.85505485534668,
      9.164939880371094,
      8.688191413879395,
      7.270424842834473,
      8.600534439086914,
      8.391056060791016,
      8.939080238342285,
      7.4012556076049805,
      7.757117748260498,
      7.61939001083374,
      8.873228073120117,
      9.107709884643555,
      9.028155326843262,
      7.558913230895996,
      8.874587059020996,
      7.863373756408691,
      8.9307279586792,
      9.016118049621582,
      7.682148456573486,
      7.611578941345215,
      8.810959815979004,
      9.145600318908691,
      7.413105487823486,
      8.397793769836426,
      8.28768253326416,
      8.96074104309082,
      8.445091247558594,
      9.050894737243652,
      7.448990821838379,
      9.171217918395996,
      8.365338325500488,
      8.714101791381836,
      8.629670143127441,
      7.827123165130615,
      9.038484573364258,
      7.385815620422363,
      8.332620620727539,
      8.998093605041504,
      8.909547805786133,
      8.890336990356445,
      8.682485580444336
    ],
    "perplexities": [
      4990.29931640625,
      2401.7060546875,
      6007.45263671875,
      7667.13525390625,
      6743.9140625,
      1489.551025390625,
      2292.6376953125,
      8205.4052734375,
      5529.1865234375,
      7076.4638671875,
      4611.1015625,
      1901.8382568359375,
      2317.650390625,
      1582.4683837890625,
      4815.0087890625,
      2547.331298828125,
      8059.00927734375,
      7092.03662109375,
      2276.900390625,
      2447.62890625,
      1575.7113037109375,
      2137.907958984375,
      2062.425537109375,
      6851.66357421875,
      2018.11865234375,
      9284.111328125,
      8736.8662109375,
      9909.0078125,
      4278.8544921875,
      3780.08251953125,
      8893.7861328125,
      5926.4775390625,
      2746.45703125,
      1786.725830078125,
      5468.81005859375,
      6040.1572265625,
      2045.8731689453125,
      4720.25732421875,
      9250.2802734375,
      1888.4603271484375,
      6708.767578125,
      5036.345703125,
      7202.56591796875,
      5031.09375,
      9639.4951171875,
      6097.96630859375,
      1955.385986328125,
      8073.787109375,
      7282.5625,
      1952.4036865234375,
      3992.22412109375,
      1558.26513671875,
      6117.9580078125,
      6511.41455078125,
      9248.71875,
      8937.4306640625,
      5954.11181640625,
      8793.7841796875,
      10013.3330078125,
      7009.73291015625,
      9556.146484375,
      5932.443359375,
      1437.160888671875,
      5434.5634765625,
      4407.4697265625,
      7624.181640625,
      1638.0399169921875,
      2338.15576171875,
      2037.3189697265625,
      7138.28662109375,
      9024.603515625,
      8334.470703125,
      1917.76025390625,
      7147.994140625,
      2600.2783203125,
      7560.76708984375,
      8234.748046875,
      2169.275390625,
      2021.4674072265625,
      6707.35400390625,
      9373.1103515625,
      1657.56591796875,
      4437.26611328125,
      3974.612548828125,
      7791.12890625,
      4652.18017578125,
      8526.1630859375,
      1718.12841796875,
      9616.3291015625,
      4295.56494140625,
      6088.16357421875,
      5595.232421875,
      2507.704833984375,
      8421.005859375,
      1612.9427490234375,
      4157.2978515625,
      8087.65087890625,
      7402.31298828125,
      7261.4658203125,
      5898.68994140625
    ],
    "accuracy": 0.2,
    "avg_loss": 8.416663122177123,
    "avg_perplexity": 5329.111088867187
  },
  "results": []
}