{
  "operator": "*",
  "metrics": {
    "correct": 0,
    "total": 100,
    "losses": [
      8.795075416564941,
      9.785673141479492,
      9.397016525268555,
      8.397939682006836,
      9.129651069641113,
      9.145567893981934,
      9.089497566223145,
      8.677123069763184,
      9.392783164978027,
      9.238718032836914,
      8.709385871887207,
      7.33504056930542,
      9.333600044250488,
      9.043143272399902,
      9.347105026245117,
      9.580087661743164,
      9.664715766906738,
      9.52241325378418,
      9.6265869140625,
      8.691420555114746,
      9.384867668151855,
      9.505334854125977,
      9.670533180236816,
      9.50034236907959,
      9.610091209411621,
      9.327278137207031,
      9.473006248474121,
      8.975165367126465,
      9.101905822753906,
      8.745579719543457,
      8.746076583862305,
      9.358850479125977,
      9.62446117401123,
      9.330949783325195,
      9.244489669799805,
      9.603169441223145,
      8.982462882995605,
      9.36476993560791,
      9.73276424407959,
      8.865389823913574,
      9.027395248413086,
      8.960201263427734,
      8.823511123657227,
      8.879293441772461,
      9.148667335510254,
      8.800321578979492,
      9.137895584106445,
      9.738725662231445,
      8.811310768127441,
      9.001860618591309,
      9.381654739379883,
      9.334494590759277,
      9.434173583984375,
      8.642191886901855,
      9.204000473022461,
      9.290029525756836,
      8.794110298156738,
      9.447647094726562,
      8.268967628479004,
      9.805830001831055,
      8.956737518310547,
      9.429109573364258,
      9.003386497497559,
      9.100235939025879,
      7.988598346710205,
      9.46843147277832,
      9.10690975189209,
      8.285656929016113,
      9.57496166229248,
      9.163264274597168,
      8.7944974899292,
      9.727071762084961,
      9.691390037536621,
      8.982161521911621,
      8.07229995727539,
      9.646679878234863,
      8.523885726928711,
      9.549165725708008,
      9.2974853515625,
      9.185127258300781,
      9.52241325378418,
      8.908163070678711,
      8.987690925598145,
      9.335310935974121,
      9.041145324707031,
      9.18267822265625,
      8.985451698303223,
      9.045308113098145,
      9.125566482543945,
      9.388875007629395,
      8.840559959411621,
      9.201741218566895,
      9.469045639038086,
      9.238965034484863,
      9.104666709899902,
      8.387734413146973,
      9.524930000305176,
      9.069469451904297,
      8.900360107421875,
      8.284224510192871
    ],
    "perplexities": [
      6601.6533203125,
      17777.220703125,
      12052.369140625,
      4437.91357421875,
      9224.802734375,
      9372.806640625,
      8861.732421875,
      5867.14306640625,
      12001.455078125,
      10287.841796875,
      6059.52001953125,
      1533.0899658203125,
      11311.78125,
      8460.328125,
      11465.5830078125,
      14473.6884765625,
      15751.8916015625,
      13662.54296875,
      15162.5966796875,
      5951.630859375,
      11906.83203125,
      13431.189453125,
      15843.7939453125,
      13364.3017578125,
      14914.5302734375,
      11240.4951171875,
      13003.921875,
      7904.3251953125,
      8972.3759765625,
      6282.8544921875,
      6285.97705078125,
      11601.044921875,
      15130.3994140625,
      11281.841796875,
      10347.390625,
      14811.65234375,
      7962.2177734375,
      11669.9208984375,
      16861.095703125,
      7082.5537109375,
      8328.138671875,
      7786.92431640625,
      6792.07080078125,
      7181.71484375,
      9401.90234375,
      6636.3779296875,
      9301.1708984375,
      16961.912109375,
      6709.70849609375,
      8118.1748046875,
      11868.6376953125,
      11321.904296875,
      12508.6240234375,
      5665.73486328125,
      9936.8017578125,
      10829.50390625,
      6595.28515625,
      12678.298828125,
      3900.919677734375,
      18139.189453125,
      7759.99951171875,
      12445.4404296875,
      8130.57177734375,
      8957.40625,
      2947.1630859375,
      12944.5673828125,
      9017.3857421875,
      3966.569580078125,
      14399.685546875,
      9540.1484375,
      6597.83935546875,
      16765.38671875,
      16177.716796875,
      7959.81884765625,
      3204.46337890625,
      15470.3388671875,
      5033.57470703125,
      14032.982421875,
      10910.548828125,
      9751.0205078125,
      13662.54296875,
      7392.06982421875,
      8003.95361328125,
      11331.1513671875,
      8443.4423828125,
      9727.169921875,
      7986.05126953125,
      8478.6630859375,
      9187.2001953125,
      11954.642578125,
      6908.8603515625,
      9914.376953125,
      12952.51953125,
      10290.3828125,
      8997.1826171875,
      4392.85400390625,
      13696.970703125,
      8686.0146484375,
      7334.6142578125,
      3960.891845703125
    ],
    "accuracy": 0.0,
    "avg_loss": 9.130736722946168,
    "avg_perplexity": 10001.934837646484
  },
  "results": []
}