{
  "operator": "+",
  "metrics": {
    "correct": 40,
    "total": 100,
    "losses": [
      10.89906120300293,
      8.335152626037598,
      10.46352481842041,
      9.959731101989746,
      10.654162406921387,
      10.618398666381836,
      8.304447174072266,
      10.74099063873291,
      8.148882865905762,
      10.29085636138916,
      10.546812057495117,
      8.369524955749512,
      9.04554271697998,
      10.653580665588379,
      10.523537635803223,
      10.588570594787598,
      11.09072208404541,
      10.59778881072998,
      8.676431655883789,
      10.274747848510742,
      10.261807441711426,
      10.427316665649414,
      9.0472993850708,
      10.222428321838379,
      10.324969291687012,
      10.556971549987793,
      10.953415870666504,
      10.368086814880371,
      10.516003608703613,
      8.314805030822754,
      8.066222190856934,
      10.347163200378418,
      10.120833396911621,
      10.4288969039917,
      11.035670280456543,
      8.677589416503906,
      10.219252586364746,
      8.448660850524902,
      10.38575267791748,
      10.286986351013184,
      10.404609680175781,
      8.558159828186035,
      10.348587036132812,
      10.825216293334961,
      11.052706718444824,
      10.352721214294434,
      8.466086387634277,
      10.45328426361084,
      8.407563209533691,
      10.45333194732666,
      9.102896690368652,
      10.619077682495117,
      10.698264122009277,
      10.060654640197754,
      10.245518684387207,
      10.819537162780762,
      10.469152450561523,
      8.538161277770996,
      8.898887634277344,
      10.293147087097168,
      10.308585166931152,
      9.258628845214844,
      10.396018028259277,
      10.011042594909668,
      10.170156478881836,
      10.617623329162598,
      10.870969772338867,
      10.535853385925293,
      10.457196235656738,
      8.150423049926758,
      10.686447143554688,
      10.91425609588623,
      9.068463325500488,
      8.835142135620117,
      8.354681968688965,
      10.80283260345459,
      10.750639915466309,
      10.550844192504883,
      10.66887378692627,
      10.111108779907227,
      8.214999198913574,
      8.659754753112793,
      10.7069730758667,
      10.807512283325195,
      10.661465644836426,
      10.701570510864258,
      10.164713859558105,
      10.5206298828125,
      8.49743938446045,
      9.324606895446777,
      10.75117015838623,
      8.433211326599121,
      11.035422325134277,
      10.352005004882812,
      8.53635311126709,
      11.132004737854004,
      8.873469352722168,
      10.64323902130127,
      8.311505317687988,
      10.902113914489746
    ],
    "perplexities": [
      54125.52734375,
      4167.83740234375,
      35014.75390625,
      21157.10546875,
      42368.58203125,
      40880.1015625,
      4041.80712890625,
      46211.80859375,
      3459.51220703125,
      29461.994140625,
      38055.92578125,
      4313.58642578125,
      8480.6533203125,
      42343.94140625,
      37180.421875,
      39678.73046875,
      65560.0703125,
      40046.19140625,
      5863.087890625,
      28991.20703125,
      28618.46484375,
      33769.61328125,
      8495.5634765625,
      27513.396484375,
      30484.3671875,
      38444.5234375,
      57148.92578125,
      31827.52734375,
      36901.35546875,
      4083.88916015625,
      3185.046630859375,
      31168.498046875,
      24855.4765625,
      33823.01953125,
      62048.41796875,
      5869.8798828125,
      27426.16015625,
      4668.81640625,
      32394.783203125,
      29348.1953125,
      33011.44921875,
      5209.0869140625,
      31212.908203125,
      50272.640625,
      63114.55859375,
      31342.21484375,
      4750.8857421875,
      34658.015625,
      4480.828125,
      34659.66796875,
      8981.271484375,
      40907.8671875,
      44278.92578125,
      23403.822265625,
      28156.08203125,
      49987.9453125,
      35212.359375,
      5105.947265625,
      7323.822265625,
      29529.560546875,
      29988.9765625,
      10494.7333984375,
      32729.0390625,
      22271.04296875,
      26112.162109375,
      40848.41796875,
      52626.22265625,
      37641.16015625,
      34793.859375,
      3464.844482421875,
      43758.76171875,
      54954.23828125,
      8677.279296875,
      6871.5302734375,
      4250.03271484375,
      49159.85546875,
      46659.87890625,
      38209.6796875,
      42996.4921875,
      24614.9375,
      3695.97314453125,
      5766.12060546875,
      44666.234375,
      49390.4453125,
      42679.14453125,
      44425.5703125,
      25970.4296875,
      37072.46875,
      4902.2001953125,
      11210.5087890625,
      46684.625,
      4597.23974609375,
      62033.03515625,
      31319.775390625,
      5096.72314453125,
      68323.203125,
      7140.00927734375,
      41908.29296875,
      4070.435791015625,
      54291.0078125
    ],
    "accuracy": 0.4,
    "avg_loss": 9.956101093292236,
    "avg_perplexity": 29154.452131347658
  },
  "results": []
}