{
  "operator": "-",
  "metrics": {
    "correct": 42,
    "total": 100,
    "losses": [
      10.495266914367676,
      10.205366134643555,
      10.434931755065918,
      10.917257308959961,
      9.886662483215332,
      11.948249816894531,
      12.000267028808594,
      10.15062141418457,
      10.658015251159668,
      10.461884498596191,
      10.070114135742188,
      11.944990158081055,
      12.144460678100586,
      12.147834777832031,
      9.65137767791748,
      11.5811128616333,
      10.545919418334961,
      10.758989334106445,
      10.576271057128906,
      11.70322322845459,
      11.427231788635254,
      11.664627075195312,
      11.529637336730957,
      10.778141975402832,
      10.91577434539795,
      11.108916282653809,
      10.911372184753418,
      11.138708114624023,
      10.876248359680176,
      9.904184341430664,
      10.64631175994873,
      10.635574340820312,
      9.088257789611816,
      11.542109489440918,
      11.162619590759277,
      10.910784721374512,
      12.008691787719727,
      10.40807819366455,
      10.705648422241211,
      11.13622760772705,
      10.640960693359375,
      9.624290466308594,
      10.694960594177246,
      10.803339004516602,
      11.04905891418457,
      10.287758827209473,
      11.351881980895996,
      11.275506019592285,
      10.920975685119629,
      11.893301010131836,
      10.826696395874023,
      10.711942672729492,
      10.240045547485352,
      10.89929485321045,
      10.897049903869629,
      10.865692138671875,
      10.379081726074219,
      11.222994804382324,
      10.898033142089844,
      11.059050559997559,
      10.608457565307617,
      10.81948184967041,
      11.816998481750488,
      10.943254470825195,
      10.824731826782227,
      10.9927396774292,
      10.320216178894043,
      11.943821907043457,
      12.031283378601074,
      10.33907413482666,
      10.84557056427002,
      10.606242179870605,
      11.854232788085938,
      10.486444473266602,
      9.049276351928711,
      10.748411178588867,
      11.45643424987793,
      11.667351722717285,
      11.078184127807617,
      10.118512153625488,
      11.20991039276123,
      10.701598167419434,
      10.508905410766602,
      10.942366600036621,
      10.870293617248535,
      10.900617599487305,
      10.996736526489258,
      11.957489967346191,
      10.783859252929688,
      11.129976272583008,
      10.326735496520996,
      10.525794982910156,
      11.744882583618164,
      10.805868148803711,
      11.249125480651855,
      10.592599868774414,
      10.638742446899414,
      10.208378791809082,
      10.96203899383545,
      10.856291770935059
    ],
    "perplexities": [
      36144.0234375,
      27047.939453125,
      34027.75390625,
      55119.4140625,
      19666.314453125,
      154546.421875,
      162798.25,
      25607.009765625,
      42532.13671875,
      34957.3671875,
      23626.26171875,
      154043.484375,
      188049.53125,
      188685.109375,
      15543.1865234375,
      107056.59375,
      38021.96875,
      47051.08984375,
      39193.69140625,
      120960.96875,
      91787.5390625,
      116381.2890625,
      101685.2265625,
      47960.9296875,
      55037.734375,
      66763.796875,
      54795.984375,
      68782.7421875,
      52904.74609375,
      20013.94140625,
      42037.265625,
      41588.30859375,
      8850.7529296875,
      102961.40625,
      70447.2578125,
      54763.8046875,
      164175.59375,
      33126.1484375,
      44607.10546875,
      68612.3359375,
      41812.921875,
      15127.81640625,
      44132.890625,
      49184.75390625,
      62884.74609375,
      29370.875,
      85125.5078125,
      78866.0390625,
      55324.75390625,
      146283.390625,
      50347.10546875,
      44888.7578125,
      28002.400390625,
      54138.17578125,
      54016.7734375,
      52349.2109375,
      32179.3984375,
      74831.546875,
      54069.91015625,
      63516.21875,
      40475.71875,
      49985.1796875,
      135536.796875,
      56571.15234375,
      50248.29296875,
      59441.01171875,
      30339.81640625,
      153863.625,
      167926.78125,
      30917.390625,
      51306.390625,
      40386.1484375,
      140678.546875,
      35826.546875,
      8512.3759765625,
      46556.0,
      94507.4765625,
      116698.8203125,
      64743.2109375,
      24797.84765625,
      73858.796875,
      44426.80078125,
      36640.3515625,
      56520.94921875,
      52590.6484375,
      54209.83203125,
      59679.0625,
      155981.078125,
      48235.921875,
      68184.7578125,
      30538.255859375,
      37264.4453125,
      126106.5625,
      49309.30859375,
      76812.71875,
      39838.9296875,
      41720.2734375,
      27129.548828125,
      57643.859375,
      51859.4140625
    ],
    "accuracy": 0.42,
    "avg_loss": 10.89786808013916,
    "avg_perplexity": 65262.86264648438
  },
  "results": []
}